{"cameraMode":{"drawMode":0,"name":"Shaded","section":"Shading Mode"},"sceneLighting":false,"audioPlay":false,"sceneViewState":{"showFog":true,"showMaterialUpdate":true,"showSkybox":true,"showFlares":true,"showImageEffects":true,"showParticleSystems":true},"in2DMode":false,"pivot":{"x":-0.46971452236175539,"y":-5.256115436553955,"z":0.026205062866210939},"rotation":{"x":-0.3761672079563141,"y":-0.025849565863609315,"z":0.0104951411485672,"w":-0.9261422157287598},"size":8.20203685760498,"orthographic":false}